{"timesteps": [2048.0, 4096.0, 6144.0, 8192.0, 10240.0, 12288.0, 14336.0, 16384.0, 18432.0, 20480.0, 22528.0, 24576.0, 26624.0, 28672.0, 30720.0, 32768.0, 34816.0, 36864.0, 38912.0, 40960.0, 43008.0, 45056.0, 47104.0, 49152.0, 51200.0, 53248.0, 55296.0, 57344.0, 59392.0, 61440.0, 63488.0, 65536.0, 67584.0, 69632.0, 71680.0, 73728.0, 75776.0, 77824.0, 79872.0, 81920.0, 83968.0, 86016.0, 88064.0, 90112.0, 92160.0, 94208.0, 96256.0, 98304.0, 100352.0, 102400.0, 104448.0, 106496.0, 108544.0, 110592.0, 112640.0, 114688.0, 116736.0, 118784.0, 120832.0, 122880.0, 124928.0, 126976.0, 129024.0, 131072.0, 133120.0, 135168.0, 137216.0, 139264.0], "episode_rewards": [-57.504999999999974, -57.48499999999997, -56.90499999999997, -56.769999999999975, -55.879999999999974, -56.16999999999997, -56.49999999999997, -56.199999999999974, -55.964999999999975, -56.02499999999997, -56.13499999999997, -55.97499999999997, -56.45999999999997, -56.13499999999997, -55.88999999999997, -55.67999999999997, -55.019999999999975, -54.95999999999997, -55.299999999999976, -54.87499999999997, -55.534999999999975, -55.66999999999997, -55.43999999999997, -55.63499999999997, -55.239999999999974, -55.16999999999997, -53.42399999999998, -55.32999999999997, -54.76499999999997, -54.63999999999997, -54.16499999999997, -54.549999999999976, -54.629999999999974, -52.99199999999997, -54.56999999999997, -52.75299999999997, -53.93999999999997, -54.59999999999997, -54.31999999999997, -52.802999999999976, -51.897999999999975, -51.844999999999985, -52.11099999999997, -53.95999999999997, -48.687999999999974, -50.16699999999997, -53.41499999999997, -50.58199999999997, -50.64299999999997, -51.69499999999998, -53.729999999999976, -51.66499999999997, -52.074999999999974, -48.60899999999998, -48.550999999999966, -48.87399999999998, -52.04699999999997, -40.75799999999999, -40.32, -46.76099999999999, -43.589999999999975, -46.89399999999998, -47.09099999999999, -48.89399999999998, -48.79899999999998, -48.842999999999975, -48.87799999999997, -47.00599999999998], "episode_lengths": [16.4, 16.4, 16.3, 15.8, 16.0, 17.3, 17.5, 16.8, 17.8, 16.6, 17.2, 17.1, 16.4, 18.2, 17.1, 17.6, 17.8, 18.0, 17.5, 18.8, 18.3, 18.8, 18.0, 18.9, 18.0, 18.2, 18.69, 18.3, 19.4, 20.5, 19.8, 20.0, 19.6, 20.37, 20.9, 20.68, 20.3, 20.0, 20.0, 22.08, 20.48, 21.65, 20.66, 20.6, 21.63, 22.02, 21.9, 21.97, 22.38, 22.1, 21.8, 22.8, 20.7, 22.49, 22.11, 21.44, 21.52, 23.73, 21.65, 23.51, 21.75, 21.29, 21.56, 21.74, 23.69, 22.68, 22.18, 22.21], "fuel_collected": [0.24, 0.24, 0.23, 0.18, 0.2, 0.33, 0.35, 0.28, 0.38, 0.26, 0.32, 0.31, 0.24, 0.42, 0.31, 0.36, 0.38, 0.4, 0.35, 0.48, 0.43, 0.48, 0.4, 0.49, 0.4, 0.42, 0.47, 0.43, 0.54, 0.65, 0.58, 0.6, 0.56, 0.64, 0.69, 0.67, 0.63, 0.6, 0.6, 0.81, 0.65, 0.77, 0.67, 0.66, 0.78, 0.81, 0.79, 0.8, 0.84, 0.83, 0.78, 0.88, 0.67, 0.86, 0.82, 0.76, 0.76, 1.0, 0.81, 0.97, 0.81, 0.75, 0.78, 0.79, 1.0, 0.89, 0.85, 0.84], "goal_rate": [0.0, 0.0, 0.0, 0.0, 0.0, 0.0, 0.0, 0.0, 0.0, 0.0, 0.0, 0.0, 0.0, 0.0, 0.0, 0.0, 0.0, 0.0, 0.0, 0.0, 0.0, 0.0, 0.0, 0.0, 0.0, 0.0, 0.01, 0.0, 0.0, 0.0, 0.0, 0.0, 0.0, 0.01, 0.0, 0.01, 0.0, 0.0, 0.0, 0.01, 0.01, 0.01, 0.01, 0.0, 0.03, 0.02, 0.0, 0.02, 0.02, 0.01, 0.0, 0.01, 0.01, 0.03, 0.03, 0.03, 0.01, 0.08, 0.08, 0.04, 0.06, 0.04, 0.04, 0.03, 0.03, 0.03, 0.03, 0.04], "death_rate": [1.0, 1.0, 1.0, 1.0, 1.0, 1.0, 1.0, 1.0, 1.0, 1.0, 1.0, 1.0, 1.0, 1.0, 1.0, 1.0, 1.0, 1.0, 1.0, 1.0, 1.0, 1.0, 1.0, 1.0, 1.0, 1.0, 0.99, 1.0, 1.0, 1.0, 1.0, 1.0, 1.0, 0.99, 1.0, 0.99, 1.0, 1.0, 1.0, 0.99, 0.99, 0.99, 0.99, 1.0, 0.97, 0.98, 1.0, 0.98, 0.98, 0.99, 1.0, 0.99, 0.99, 0.97, 0.97, 0.97, 0.99, 0.92, 0.92, 0.96, 0.94, 0.96, 0.96, 0.97, 0.97, 0.97, 0.97, 0.96], "eval_goal_rate": [], "eval_death_rate": []}