{"timesteps": [2048.0, 4096.0, 6144.0, 8192.0, 10240.0, 12288.0, 14336.0, 16384.0, 18432.0, 20480.0, 22528.0, 24576.0, 26624.0, 28672.0, 30720.0, 32768.0, 34816.0, 36864.0, 38912.0, 40960.0, 43008.0, 45056.0, 47104.0, 49152.0, 51200.0, 53248.0, 55296.0, 57344.0, 59392.0, 61440.0, 63488.0, 65536.0, 67584.0, 69632.0, 71680.0, 73728.0, 75776.0, 77824.0, 79872.0, 81920.0, 83968.0, 86016.0, 88064.0, 90112.0, 92160.0, 94208.0, 96256.0, 98304.0, 100352.0, 102400.0, 104448.0, 106496.0, 108544.0, 110592.0, 112640.0, 114688.0, 116736.0, 118784.0, 120832.0, 122880.0, 124928.0, 126976.0, 129024.0, 131072.0, 133120.0, 135168.0, 137216.0, 139264.0, 141312.0, 143360.0, 145408.0, 147456.0, 149504.0, 151552.0, 153600.0, 155648.0, 157696.0, 159744.0, 161792.0, 163840.0, 165888.0, 167936.0, 169984.0, 172032.0, 174080.0, 176128.0, 178176.0, 180224.0, 182272.0, 184320.0, 186368.0, 188416.0, 190464.0, 192512.0, 194560.0, 196608.0, 198656.0, 200704.0, 202752.0, 204800.0, 206848.0, 208896.0, 210944.0, 212992.0, 215040.0, 217088.0, 219136.0, 221184.0, 223232.0, 225280.0, 227328.0, 229376.0, 231424.0, 233472.0, 235520.0, 237568.0, 239616.0, 241664.0, 243712.0, 245760.0, 247808.0, 249856.0, 251904.0, 253952.0, 256000.0, 258048.0, 260096.0, 262144.0, 264192.0, 266240.0, 268288.0, 270336.0, 272384.0, 274432.0, 276480.0, 278528.0, 280576.0, 282624.0, 284672.0, 286720.0, 288768.0, 290816.0, 292864.0, 294912.0, 296960.0, 299008.0, 301056.0, 303104.0, 305152.0, 307200.0, 309248.0, 311296.0, 313344.0, 315392.0, 317440.0, 319488.0, 321536.0, 323584.0, 325632.0, 327680.0, 329728.0, 331776.0, 333824.0, 335872.0, 337920.0, 339968.0, 342016.0, 344064.0, 346112.0, 348160.0, 350208.0, 352256.0, 354304.0, 356352.0, 358400.0, 360448.0, 362496.0, 364544.0, 366592.0, 368640.0, 370688.0, 372736.0, 374784.0, 376832.0, 378880.0, 380928.0, 382976.0, 385024.0, 387072.0, 389120.0, 391168.0, 393216.0, 395264.0, 397312.0, 399360.0], "episode_rewards": [-57.52999999999997, -56.63499999999997, -56.10999999999997, -55.909999999999975, -55.75999999999997, -55.604999999999976, -55.989999999999974, -55.88499999999997, -55.60999999999997, -55.35999999999997, -55.59499999999997, -55.18999999999997, -55.34999999999997, -55.19499999999997, -54.95999999999997, -54.62499999999997, -54.949999999999974, -54.619999999999976, -54.394999999999975, -52.64699999999997, -52.92999999999997, -53.934999999999974, -52.22099999999997, -52.25899999999998, -52.174999999999976, -53.85999999999997, -52.25699999999997, -50.56499999999997, -53.504999999999974, -53.94499999999997, -53.90499999999997, -50.39199999999997, -52.23399999999998, -53.52499999999997, -51.895999999999965, -48.71499999999998, -49.812999999999974, -48.54599999999998, -51.632999999999974, -51.742999999999974, -48.57299999999997, -45.37999999999998, -47.00099999999998, -46.995999999999974, -48.71699999999997, -43.729999999999976, -46.93999999999997, -41.957999999999984, -50.88699999999997, -48.84799999999998, -50.308999999999976, -53.31499999999997, -46.70199999999997, -49.84099999999998, -49.65999999999998, -48.418999999999976, -51.52999999999997, -50.33199999999997, -50.08299999999998, -51.40999999999998, -47.056999999999974, -39.30499999999999, -45.19399999999998, -49.77199999999997, -48.778999999999975, -44.09199999999997, -50.098999999999975, -44.92999999999997, -45.483999999999966, -45.48399999999998, -40.711999999999996, -42.31499999999997, -44.03899999999998, -49.108999999999966, -45.83499999999997, -47.25699999999998, -50.170999999999964, -51.94599999999997, -48.234999999999985, -48.78699999999997, -50.18899999999998, -48.41899999999997, -48.590999999999966, -48.91799999999998, -51.950999999999965, -50.06799999999998, -48.842999999999975, -51.46699999999997, -50.38799999999998, -40.51199999999999, -46.83999999999998, -46.86599999999998, -49.85399999999997, -53.59499999999997, -52.071999999999974, -46.06199999999997, -44.03899999999998, -47.670999999999964, -47.51999999999998, -44.575999999999965, -47.857999999999976, -46.09299999999998, -47.78499999999998, -44.07699999999997, -44.28599999999997, -49.24699999999997, -45.37199999999997, -42.29799999999998, -44.382999999999974, -49.251999999999974, -49.040999999999976, -47.30399999999998, -47.58899999999998, -48.937999999999974, -46.92999999999997, -52.25899999999998, -50.56499999999997, -48.69299999999998, -51.73599999999997, -48.844999999999985, -41.15899999999998, -45.24399999999998, -52.204999999999984, -47.09599999999997, -50.59999999999997, -52.681999999999974, -52.632999999999974, -52.20999999999998, -47.004999999999974, -51.037999999999975, -52.03299999999997, -53.559999999999974, -52.340999999999966, -50.70699999999997, -41.19499999999999, -44.33499999999998, -50.43899999999997, -45.79899999999998, -45.802999999999976, -47.46099999999998, -47.620999999999974, -52.49999999999998, -51.119999999999976, -50.592999999999975, -50.21299999999997, -42.752999999999986, -47.109999999999985, -47.43999999999998, -48.056999999999974, -48.39899999999998, -49.85399999999997, -54.14999999999997, -51.28399999999998, -49.11099999999997, -43.793999999999976, -45.30099999999999, -52.19099999999997, -50.72599999999998, -53.31499999999997, -49.153999999999975, -53.90499999999997, -50.592999999999975, -48.662999999999975, -50.34199999999999, -47.500999999999976, -51.950999999999965, -52.45999999999998, -50.83499999999998, -51.52999999999998, -50.69599999999997, -48.71099999999998, -53.87499999999998, -50.67999999999997, -53.63999999999997, -51.149999999999984, -50.65099999999997, -54.019999999999975, -54.479999999999976, -53.05799999999997, -52.23599999999997, -52.545999999999964, -54.229999999999976, -54.33499999999997, -50.89099999999997, -52.54199999999997, -50.35399999999998, -53.894999999999975, -53.77499999999997, -53.15499999999997, -53.354999999999976, -53.74999999999997, -53.684999999999974, -50.67899999999998, -53.629999999999974, -54.01499999999997], "episode_lengths": [16.1, 15.3, 16.6, 17.2, 17.4, 17.5, 17.2, 17.1, 17.7, 17.5, 18.1, 17.7, 17.7, 17.9, 17.5, 17.9, 17.9, 17.9, 19.5, 19.77, 19.65, 21.5, 19.96, 19.74, 20.7, 19.6, 20.27, 21.05, 22.1, 20.7, 20.7, 20.87, 21.89, 20.6, 22.01, 20.55, 21.63, 21.56, 21.38, 21.43, 22.48, 22.25, 22.36, 21.41, 20.97, 21.85, 20.9, 22.78, 20.17, 22.23, 21.29, 21.7, 23.32, 21.46, 22.35, 21.79, 23.0, 22.17, 21.63, 22.25, 22.17, 23.05, 21.84, 21.57, 20.84, 22.47, 21.39, 22.45, 22.09, 20.04, 22.42, 22.6, 21.94, 19.94, 21.25, 21.27, 22.56, 22.16, 21.8, 22.17, 22.69, 21.54, 22.61, 21.48, 22.16, 21.88, 21.18, 22.97, 22.33, 21.82, 21.9, 21.66, 22.64, 21.2, 23.17, 22.42, 22.29, 21.46, 22.05, 21.66, 20.83, 21.73, 21.95, 22.62, 21.86, 21.47, 22.87, 24.53, 22.53, 22.22, 22.16, 22.44, 21.64, 21.48, 22.75, 20.69, 21.45, 22.48, 21.26, 22.15, 21.69, 23.49, 20.8, 23.66, 22.2, 20.62, 21.43, 22.65, 22.35, 22.23, 23.83, 21.6, 21.01, 22.42, 23.15, 23.0, 22.49, 21.79, 23.03, 22.46, 22.16, 21.9, 22.2, 21.53, 22.38, 22.78, 22.65, 21.9, 22.67, 20.94, 20.39, 20.9, 20.44, 20.86, 21.79, 23.51, 21.16, 21.61, 21.4, 20.99, 21.2, 22.33, 22.48, 22.17, 21.61, 22.91, 22.2, 21.15, 22.8, 21.31, 23.01, 20.6, 21.8, 22.1, 22.05, 21.61, 20.7, 20.8, 21.53, 20.96, 21.56, 22.1, 21.0, 21.86, 21.87, 23.29, 22.1, 21.9, 23.4, 22.3, 21.8, 21.9, 21.84, 21.8, 21.1],