{"timesteps": [2048.0, 4096.0, 6144.0, 8192.0, 10240.0, 12288.0, 14336.0, 16384.0, 18432.0, 20480.0, 22528.0, 24576.0, 26624.0, 28672.0, 30720.0, 32768.0, 34816.0, 36864.0, 38912.0, 40960.0, 43008.0, 45056.0, 47104.0, 49152.0, 51200.0, 53248.0, 55296.0, 57344.0, 59392.0, 61440.0, 63488.0, 65536.0, 67584.0, 69632.0, 71680.0, 73728.0, 75776.0, 77824.0, 79872.0, 81920.0, 83968.0, 86016.0, 88064.0, 90112.0, 92160.0, 94208.0, 96256.0, 98304.0, 100352.0, 102400.0, 104448.0, 106496.0, 108544.0, 110592.0, 112640.0, 114688.0, 116736.0, 118784.0, 120832.0, 122880.0, 124928.0, 126976.0, 129024.0, 131072.0, 133120.0, 135168.0, 137216.0, 139264.0, 141312.0, 143360.0], "episode_rewards": [-57.619999999999976, -56.494999999999976, -56.424999999999976, -55.92999999999997, -55.82999999999997, -55.684999999999974, -55.909999999999975, -55.949999999999974, -55.78999999999997, -55.77499999999997, -55.754999999999974, -56.25999999999997, -55.739999999999974, -55.45999999999997, -55.77999999999997, -55.35999999999997, -55.37499999999997, -55.04499999999997, -55.18999999999997, -55.19499999999997, -55.409999999999975, -55.75999999999997, -55.714999999999975, -54.77499999999997, -55.269999999999975, -54.81999999999997, -54.244999999999976, -54.79499999999997, -54.824999999999974, -54.50999999999997, -54.644999999999975, -54.19499999999997, -54.27999999999997, -54.284999999999975, -53.964999999999975, -53.94499999999997, -54.47499999999997, -54.67999999999997, -54.559999999999974, -54.114999999999974, -53.909999999999975, -53.83499999999997, -53.84499999999997, -52.677999999999976, -52.11699999999997, -51.91199999999997, -52.26899999999998, -52.40999999999998, -54.20999999999997, -51.02199999999997, -50.82299999999997, -44.12799999999997, -48.73099999999997, -49.647999999999975, -50.04099999999997, -52.04499999999997, -50.59599999999997, -50.69399999999998, -54.449999999999974, -53.69499999999997, -52.11099999999997, -54.13999999999997, -53.629999999999974, -53.52999999999997, -48.34099999999998, -51.92399999999998, -50.19299999999998, -44.08699999999998, -50.019999999999975, -48.81199999999997], "episode_lengths": [16.2, 15.5, 16.2, 16.6, 17.3, 16.5, 17.7, 16.4, 16.7, 16.9, 17.2, 17.4, 16.3, 17.1, 17.2, 18.3, 17.7, 17.9, 18.1, 18.7, 18.5, 16.6, 17.9, 19.4, 18.2, 19.3, 21.0, 18.8, 20.1, 20.0, 19.6, 21.8, 20.1, 20.3, 21.7, 20.4, 19.0, 19.2, 19.6, 20.6, 20.4, 20.9, 20.8, 21.68, 22.32, 20.82, 20.94, 21.15, 21.6, 21.07, 21.38, 22.23, 22.66, 22.48, 21.66, 21.5, 21.81, 20.99, 20.2, 21.8, 22.06, 20.2, 21.9, 21.1, 22.76, 21.54, 22.83, 22.12, 21.3, 22.77], "fuel_collected": [0.22, 0.15, 0.22, 0.26, 0.33, 0.25, 0.37, 0.24, 0.27, 0.29, 0.32, 0.34, 0.23, 0.31, 0.32, 0.43, 0.37, 0.39, 0.41, 0.47, 0.45, 0.26, 0.39, 0.54, 0.42, 0.53, 0.7, 0.48, 0.61, 0.6, 0.56, 0.78, 0.61, 0.63, 0.77, 0.64, 0.5, 0.52, 0.56, 0.66, 0.64, 0.69, 0.68, 0.77, 0.84, 0.69, 0.7, 0.72, 0.76, 0.73, 0.74, 0.86, 0.89, 0.86, 0.78, 0.75, 0.79, 0.7, 0.62, 0.78, 0.81, 0.62, 0.79, 0.71, 0.89, 0.76, 0.89, 0.83, 0.74, 0.9], "goal_rate": [0.0, 0.0, 0.0, 0.0, 0.0, 0.0, 0.0, 0.0, 0.0, 0.0, 0.0, 0.0, 0.0, 0.0, 0.0, 0.0, 0.0, 0.0, 0.0, 0.0, 0.0, 0.0, 0.0, 0.0, 0.0, 0.0, 0.0, 0.0, 0.0, 0.0, 0.0, 0.0, 0.0, 0.0, 0.0, 0.0, 0.0, 0.0, 0.0, 0.0, 0.0, 0.0, 0.0, 0.01, 0.01, 0.01, 0.01, 0.01, 0.0, 0.02, 0.02, 0.06, 0.03, 0.02, 0.02, 0.01, 0.02, 0.02, 0.0, 0.0, 0.01, 0.0, 0.0, 0.0, 0.03, 0.01, 0.02, 0.06, 0.02, 0.03], "death_rate": [1.0, 1.0, 1.0, 1.0, 1.0, 1.0, 1.0, 1.0, 1.0, 1.0, 1.0, 1.0, 1.0, 1.0, 1.0, 1.0, 1.0, 1.0, 1.0, 1.0, 1.0, 1.0, 1.0, 1.0, 1.0, 1.0, 1.0, 1.0, 1.0, 1.0, 1.0, 1.0, 1.0, 1.0, 1.0, 1.0, 1.0, 1.0, 1.0, 1.0, 1.0, 1.0, 1.0, 0.99, 0.99, 0.99, 0.99, 0.99, 1.0, 0.98, 0.98, 0.94, 0.97, 0.98, 0.98, 0.99, 0.98, 0.98, 1.0, 1.0, 0.99, 1.0, 1.0, 1.0, 0.97, 0.99, 0.98, 0.94, 0.98, 0.97], "eval_goal_rate": [0.0, 0.14, 0.0, 0.0, 0.12, 0.12, 0.2], "eval_death_rate": [1.0, 0.86, 1.0, 1.0, 0.88, 0.88, 0.8]}