{"timesteps": [2048.0, 4096.0, 6144.0, 8192.0, 10240.0, 12288.0, 14336.0, 16384.0, 18432.0, 20480.0, 22528.0, 24576.0, 26624.0, 28672.0, 30720.0, 32768.0, 34816.0, 36864.0, 38912.0, 40960.0, 43008.0, 45056.0, 47104.0, 49152.0, 51200.0, 53248.0, 55296.0, 57344.0, 59392.0, 61440.0, 63488.0, 65536.0, 67584.0, 69632.0, 71680.0, 73728.0, 75776.0, 77824.0, 79872.0, 81920.0, 83968.0, 86016.0, 88064.0, 90112.0, 92160.0, 94208.0, 96256.0, 98304.0, 100352.0, 102400.0, 104448.0, 106496.0, 108544.0, 110592.0, 112640.0, 114688.0, 116736.0, 118784.0, 120832.0, 122880.0, 124928.0, 126976.0, 129024.0, 131072.0, 133120.0, 135168.0, 137216.0, 139264.0, 141312.0, 143360.0, 145408.0, 147456.0, 149504.0, 151552.0, 153600.0, 155648.0, 157696.0, 159744.0, 161792.0, 163840.0, 165888.0, 167936.0, 169984.0, 172032.0, 174080.0, 176128.0, 178176.0, 180224.0, 182272.0, 184320.0, 186368.0, 188416.0, 190464.0, 192512.0, 194560.0, 196608.0, 198656.0, 200704.0, 202752.0, 204800.0, 206848.0, 208896.0, 210944.0, 212992.0, 215040.0, 217088.0, 219136.0, 221184.0, 223232.0, 225280.0, 227328.0, 229376.0, 231424.0, 233472.0, 235520.0, 237568.0, 239616.0, 241664.0, 243712.0, 245760.0, 247808.0, 249856.0, 251904.0, 253952.0, 256000.0, 258048.0, 260096.0, 262144.0, 264192.0, 266240.0, 268288.0, 270336.0], "episode_rewards": [-57.50999999999997, -56.98499999999997, -56.12499999999997, -56.369999999999976, -55.699999999999974, -55.729999999999976, -55.95499999999997, -55.88499999999997, -55.994999999999976, -55.56999999999997, -55.19499999999997, -56.21999999999997, -56.369999999999976, -55.75999999999997, -55.714999999999975, -55.879999999999974, -55.93999999999997, -55.52499999999997, -56.31999999999997, -56.214999999999975, -55.76499999999997, -56.03999999999997, -55.379999999999974, -53.29799999999997, -55.22499999999997, -55.47499999999997, -54.79499999999997, -52.97299999999998, -52.809999999999974, -51.363999999999976, -52.77399999999998, -50.27399999999998, -50.24599999999997, -47.185999999999964, -50.202999999999975, -50.062999999999974, -48.51199999999997, -45.39299999999997, -37.66299999999999, -47.870999999999974, -49.89899999999998, -45.14499999999998, -41.62799999999999, -48.00699999999998, -37.02799999999999, -40.861, -45.126999999999974, -41.54199999999999, -38.681999999999995, -35.489, -43.04599999999998, -44.93299999999997, -43.250999999999976, -49.034999999999975, -38.431999999999995, -46.403999999999975, -44.260999999999974, -41.71599999999999, -42.12299999999998, -38.38999999999999, -44.975999999999985, -38.513, -42.86199999999998, -41.64699999999998, -48.130999999999965, -45.015999999999984, -36.606, -41.485, -51.68999999999997, -44.738999999999976, -50.994999999999976, -42.17299999999998, -44.96099999999998, -45.09199999999997, -43.24899999999998, -41.84199999999999, -43.45999999999998, -50.94499999999997, -39.937999999999995, -38.12299999999999, -41.043999999999976, -42.89499999999998, -45.66699999999997, -42.882999999999974, -49.87399999999998, -38.727999999999994, -45.344999999999985, -38.522999999999996, -46.18299999999997, -35.32899999999999, -43.104999999999976, -39.71999999999999, -46.250999999999976, -35.361999999999995, -36.763999999999996, -41.29899999999998, -44.45199999999998, -31.93, -41.61499999999999, -39.721, -40.35799999999999, -33.527, -40.97599999999999, -34.797, -39.321, -35.067, -42.595999999999975, -42.85399999999998, -36.672999999999995, -38.001999999999995, -36.275999999999996, -37.736, -42.37099999999999, -50.73699999999997, -49.10299999999997, -39.766999999999996, -41.397, -45.95399999999998, -42.95399999999998, -44.78299999999997, -50.50099999999997, -47.24699999999997, -45.82699999999999, -41.03799999999999, -41.227999999999994, -44.199999999999974, -41.00599999999999, -42.53199999999999, -40.76199999999999, -40.873999999999995, -40.46199999999999, -43.85899999999998], "episode_lengths": [16.2, 15.9, 16.1, 16.1, 18.1, 16.9, 17.9, 16.0, 17.3, 17.3, 17.2, 17.3, 17.6, 18.4, 17.0, 18.5, 18.3, 18.0, 18.0, 17.7, 19.0, 17.7, 18.4, 19.28, 19.6, 18.9, 19.9, 21.88, 20.4, 20.69, 21.49, 22.14, 23.06, 22.86, 21.33, 23.03, 23.52, 22.98, 23.43, 23.41, 24.04, 23.65, 23.43, 23.57, 23.63, 22.86, 23.87, 23.67, 24.22, 24.34, 23.76, 23.73, 23.26, 23.85, 22.42, 24.04, 23.81, 24.06, 24.63, 25.55, 23.31, 23.88, 25.02, 25.17, 22.66, 24.11, 25.36, 25.4, 24.25, 24.44, 22.55, 23.93, 24.21, 24.02, 22.74, 25.07, 24.65, 22.9, 24.13, 23.83, 25.89, 25.85, 26.52, 25.33, 23.69, 24.68, 25.0, 25.33, 23.63, 26.24, 23.95, 24.8, 26.06, 24.47, 24.19, 23.74, 23.17, 24.1, 24.6, 26.16, 24.23, 25.02, 24.56, 25.37, 25.66, 26.77, 26.66, 22.29, 25.28, 26.47, 26.31, 25.76, 26.01, 25.77, 23.98, 25.27, 25.27, 25.14, 25.69, 24.78, 24.21, 25.47, 25.07, 26.48, 25.53, 25.7, 26.36, 25.37, 25.37, 25.09, 27.17, 26.39], "fuel_collected": [0.22, 0.19, 0.21, 0.21, 0.41, 0.29, 0.39, 0.2, 0.33, 0.33, 0.32, 0.33, 0.36, 0.44, 0.3, 0.45, 0.43, 0.4, 0.4, 0.37, 0.5, 0.37, 0.44, 0.53, 0.56, 0.49, 0.59, 0.79, 0.64, 0.67, 0.75, 0.83, 0.91, 0.9, 0.74, 0.91, 0.97, 0.91, 0.98, 0.95, 1.02, 0.98, 0.98, 0.97, 1.0, 0.93, 1.02, 0.99, 1.06, 1.09, 1.02, 1.01, 0.96, 0.99, 0.9, 1.03, 1.01, 1.02, 1.09, 1.21, 0.95, 1.04, 1.13, 1.15, 0.88, 1.04, 1.22, 1.2, 1.03, 1.07, 0.86, 1.03, 1.05, 1.02, 0.92, 1.14, 1.11, 0.91, 1.04, 1.03, 1.23, 1.21, 1.27, 1.16, 0.98, 1.11, 1.13, 1.18, 0.98, 1.27, 1.01, 1.12, 1.23, 1.1, 1.06, 1.01, 0.94, 1.07, 1.1, 1.27, 1.05, 1.17, 1.09, 1.2, 1.25, 1.37, 1.3, 0.86, 1.17, 1.3, 1.27, 1.21, 1.22, 1.18, 1.01, 1.15, 1.15, 1.12, 1.19, 1.09, 1.03, 1.16, 1.14, 1.29, 1.18, 1.18, 1.26, 1.16, 1.19, 1.15, 1.35, 1.26], "goal_rate": [0.0, 0.0, 0.0, 0.0, 0.0, 0.0, 0.0, 0.0, 0.0, 0.0, 0.0, 0.0, 0.0, 0.0, 0.0, 0.0, 0.0, 0.0, 0.0, 0.0, 0.0, 0.0, 0.0, 0.01, 0.0, 0.0, 0.0, 0.01, 0.01, 0.02, 0.01, 0.02, 0.02, 0.04, 0.02, 0.02, 0.03, 0.05, 0.1, 0.03, 0.02, 0.05, 0.07, 0.03, 0.1, 0.08, 0.05, 0.07, 0.09, 0.11, 0.06, 0.05, 0.06, 0.02, 0.09, 0.04, 0.05, 0.07, 0.07, 0.09, 0.05, 0.09, 0.06, 0.07, 0.03, 0.05, 0.1, 0.07, 0.01, 0.05, 0.01, 0.07, 0.05, 0.05, 0.06, 0.07, 0.06, 0.01, 0.08, 0.09, 0.07, 0.06, 0.04, 0.06, 0.02, 0.09, 0.05, 0.09, 0.04, 0.11, 0.06, 0.08, 0.04, 0.11, 0.1, 0.07, 0.05, 0.13, 0.07, 0.08, 0.08, 0.12, 0.07, 0.11, 0.08, 0.11, 0.06, 0.06, 0.1, 0.09, 0.1, 0.09, 0.06, 0.01, 0.02, 0.08, 0.07, 0.04, 0.06, 0.05, 0.01, 0.03, 0.04, 0.07, 0.07, 0.05, 0.07, 0.06, 0.07, 0.07, 0.07, 0.05], "death_rate": [1.0, 1.0, 1.0, 1.0, 1.0, 1.0, 1.0, 1.0, 1.0, 1.0, 1.0, 1.0, 1.0, 1.0, 1.0, 1.0, 1.0, 1.0, 1.0, 1.0, 1.0, 1.0, 1.0, 0.99, 1.0, 1.0, 1.0, 0.99, 0.99, 0.98, 0.99, 0.98, 0.98, 0.96, 0.98, 0.98, 0.97, 0.95, 0.9, 0.97, 0.98, 0.95, 0.93, 0.97, 0.9, 0.92, 0.95, 0.93, 0.91, 0.89, 0.94, 0.95, 0.94, 0.98, 0.91, 0.96, 0.95, 0.93, 0.93, 0.91, 0.95, 0.91, 0.94, 0.93, 0.97, 0.95, 0.9, 0.93, 0.99, 0.95, 0.99, 0.93, 0.95, 0.95, 0.94, 0.93, 0.94, 0.99, 0.92, 0.91, 0.93, 0.94, 0.96, 0.94, 0.98, 0.91, 0.95, 0.91, 0.96, 0.89, 0.94, 0.92, 0.96, 0.89, 0.9, 0.93, 0.95, 0.87, 0.93, 0.92, 0.92, 0.88, 0.93, 0.89, 0.92, 0.89, 0.94, 0.94, 0.9, 0.91, 0.9, 0.91, 0.94, 0.99, 0.98, 0.92, 0.93, 0.96, 0.94, 0.95, 0.99, 0.97, 0.96, 0.93, 0.93, 0.95, 0.93, 0.94, 0.93, 0.93, 0.93, 0.95], "eval_goal_rate": [0.0, 0.0, 0.22, 0.28, 0.38, 0.24, 0.14, 0.26, 0.14, 0.16, 0.14, 0.14, 0.12], "eval_death_rate": [1.0, 1.0, 0.78, 0.72, 0.62, 0.76, 0.86, 0.74, 0.86, 0.84, 0.86, 0.86, 0.88]}