{"timesteps": [2048.0, 4096.0, 6144.0, 8192.0, 10240.0, 12288.0, 14336.0, 16384.0, 18432.0, 20480.0, 22528.0, 24576.0, 26624.0, 28672.0, 30720.0, 32768.0, 34816.0, 36864.0, 38912.0, 40960.0, 43008.0, 45056.0, 47104.0, 49152.0, 51200.0, 53248.0, 55296.0, 57344.0, 59392.0, 61440.0, 63488.0, 65536.0, 67584.0, 69632.0, 71680.0, 73728.0, 75776.0, 77824.0, 79872.0, 81920.0, 83968.0, 86016.0, 88064.0, 90112.0, 92160.0, 94208.0, 96256.0, 98304.0, 100352.0, 102400.0, 104448.0, 106496.0, 108544.0, 110592.0, 112640.0, 114688.0, 116736.0, 118784.0, 120832.0, 122880.0, 124928.0, 126976.0, 129024.0, 131072.0, 133120.0, 135168.0, 137216.0, 139264.0, 141312.0, 143360.0, 145408.0, 147456.0, 149504.0, 151552.0, 153600.0, 155648.0, 157696.0, 159744.0, 161792.0, 163840.0, 165888.0, 167936.0, 169984.0, 172032.0, 174080.0, 176128.0, 178176.0, 180224.0, 182272.0, 184320.0, 186368.0, 188416.0, 190464.0, 192512.0, 194560.0, 196608.0, 198656.0, 200704.0, 202752.0, 204800.0, 206848.0, 208896.0, 210944.0, 212992.0, 215040.0, 217088.0, 219136.0, 221184.0, 223232.0, 225280.0, 227328.0, 229376.0, 231424.0, 233472.0, 235520.0, 237568.0, 239616.0, 241664.0, 243712.0, 245760.0, 247808.0, 249856.0, 251904.0, 253952.0, 256000.0, 258048.0, 260096.0, 262144.0, 264192.0, 266240.0, 268288.0, 270336.0, 272384.0, 274432.0, 276480.0, 278528.0, 280576.0, 282624.0, 284672.0, 286720.0, 288768.0, 290816.0, 292864.0, 294912.0, 296960.0, 299008.0, 301056.0, 303104.0, 305152.0, 307200.0, 309248.0, 311296.0, 313344.0, 315392.0, 317440.0, 319488.0, 321536.0, 323584.0, 325632.0, 327680.0, 329728.0, 331776.0, 333824.0, 335872.0, 337920.0, 339968.0, 342016.0, 344064.0, 346112.0, 348160.0, 350208.0, 352256.0, 354304.0, 356352.0, 358400.0, 360448.0, 362496.0, 364544.0, 366592.0, 368640.0, 370688.0, 372736.0, 374784.0, 376832.0, 378880.0, 380928.0, 382976.0, 385024.0, 387072.0, 389120.0, 391168.0, 393216.0, 395264.0, 397312.0, 399360.0, 401408.0, 403456.0, 405504.0, 407552.0, 409600.0, 411648.0, 413696.0, 415744.0, 417792.0, 419840.0, 421888.0, 423936.0, 425984.0, 428032.0, 430080.0, 432128.0, 434176.0, 436224.0, 438272.0, 440320.0, 442368.0, 444416.0, 446464.0, 448512.0, 450560.0, 452608.0, 454656.0, 456704.0, 458752.0, 460800.0, 462848.0, 464896.0, 466944.0, 468992.0], "episode_rewards": [-57.674999999999976, -56.70999999999997, -56.29499999999997, -55.59999999999997, -56.159999999999975, -56.074999999999974, -56.06499999999997, -55.754999999999974, -55.77499999999997, -55.62499999999997, -55.64999999999997, -55.42999999999997, -55.58499999999997, -55.809999999999974, -55.714999999999975, -53.72599999999997, -54.88999999999997, -55.53999999999997, -54.739999999999974, -54.924999999999976, -52.97699999999997, -54.729999999999976, -54.449999999999974, -54.24999999999997, -54.22499999999997, -54.15499999999997, -52.20399999999998, -53.60999999999997, -48.880999999999965, -48.897999999999975, -46.910999999999966, -46.598999999999975, -45.34799999999998, -43.912999999999975, -52.27199999999997, -44.10699999999997, -42.08499999999998, -30.754, -32.69, -37.418, -38.31699999999999, -36.945, -38.396, -35.3, -26.545, -23.226999999999997, -36.74599999999999, -33.525999999999996, -28.432999999999993, -22.473, -31.917999999999996, -29.295999999999996, -36.724999999999994, -33.19799999999999, -30.141999999999992, -23.912999999999997, -26.901999999999997, -31.538, -25.314, -19.447, -33.718999999999994, -26.843999999999998, -18.944999999999997, -10.938999999999995, -21.017, -20.686999999999994, -28.483999999999995, -18.795, -21.953999999999997, -12.577, -23.751000000000005, -25.261999999999997, -27.441000000000003, -20.986999999999995, -15.913, -24.145, -26.976, -31.917999999999996, -30.541999999999994, -18.894999999999992, -29.497999999999998, -20.089999999999996, -32.260999999999996, -32.949, -31.842, -27.865999999999996, -12.671, -23.555999999999994, -17.713999999999995, -28.552999999999997, -17.267000000000003, -25.616999999999997, -23.266999999999992, -21.748999999999995, -30.075, -41.086999999999996, -31.268, -29.765, -23.217, -31.186999999999998, -30.954999999999995, -26.723999999999997, -26.754999999999992, -28.565, -25.098999999999997, -11.073, -22.36, -26.418999999999997, -17.67, -25.021000000000004, -23.517999999999997, -17.393999999999995, -29.716999999999995, -28.604999999999997, -26.848999999999997, -23.487, -31.281999999999996, -37.57, -35.907, -36.477999999999994, -27.010999999999996, -37.77499999999999, -22.166, -31.509999999999994, -39.425999999999995, -32.977999999999994, -31.412999999999997, -23.395, -28.055999999999997, -24.587, -29.257999999999996, -23.25, -22.238999999999997, -29.993999999999996, -23.659000000000002, -20.304000000000002, -21.672000000000004, -30.024999999999995, -25.01, -37.803, -31.135999999999996, -31.122999999999998, -34.16799999999999, -28.574999999999996, -39.207, -26.766, -27.835, -35.80199999999999, -41.73499999999999, -35.797999999999995, -28.159999999999997, -32.834999999999994, -27.896, -24.837999999999997, -34.265, -31.588999999999995, -33.020999999999994, -41.078999999999986, -45.550999999999966, -37.498999999999995, -39.361999999999995, -42.170999999999985, -45.05399999999998, -45.09399999999998, -43.72899999999998, -48.75299999999997, -42.57899999999998, -39.50599999999999, -36.05299999999999, -36.181999999999995, -40.78099999999999, -48.98799999999997, -40.663, -41.03599999999999, -26.445, -40.471, -26.323999999999998, -20.041999999999994, -31.213, -33.062999999999995, -21.978999999999996, -25.671999999999997, -35.648999999999994, -32.587999999999994, -34.409, -21.585, -29.608999999999995, -32.958999999999996, -27.643, -34.702999999999996, -36.053999999999995, -35.73499999999999, -28.025, -31.327999999999992, -30.73, -34.29599999999999, -37.13199999999999, -40.580999999999996, -35.986, -39.35799999999999, -34.22599999999999, -25.02, -32.590999999999994, -31.805999999999997, -26.599999999999994, -25.030999999999995, -21.896, -28.493999999999996, -18.991, -24.615999999999996, -23.107, -16.680999999999997, -21.733999999999995, -13.533999999999999, -15.43, -23.326, -28.073999999999998, -13.956999999999999, -29.645, -27.830999999999996, -16.474999999999994, -21.714000000000002, -24.884, -20.215999999999998, -29.669999999999995, -34.33999999999999, -23.150999999999996, -21.480999999999995, -23.303999999999995], "episode_lengths": [16.2, 16.2, 16.8, 17.6, 17.3, 17.8, 17.3, 17.0, 17.1, 17.5, 18.0, 18.6, 17.5, 17.8, 17.8, 18.06, 18.5, 18.3, 17.8, 19.5, 19.32, 18.9, 18.7, 19.7, 20.3, 19.6, 20.99, 21.5, 21.86, 22.83, 22.06, 22.39, 23.68, 22.48, 22.32, 22.37, 21.1, 23.34, 23.15, 23.18, 22.72, 22.35, 22.56, 23.2, 23.8, 22.92, 24.26, 23.46, 23.13, 23.48, 22.58, 23.41, 22.95, 24.08, 23.27, 23.33, 24.97, 23.43, 24.49, 23.72, 22.64, 23.84, 24.15, 25.14, 24.07, 24.32, 23.34, 23.55, 23.99, 24.67, 23.21, 25.17, 22.91, 23.67, 23.23, 23.25, 22.61, 22.63, 23.72, 25.55, 24.28, 25.65, 24.71, 24.09, 23.87, 25.91, 25.16, 24.71, 24.04, 24.33, 23.72, 24.07, 24.67, 25.09, 23.85, 23.97, 24.43, 24.65, 25.32, 25.22, 25.7, 25.59, 25.45, 24.45, 24.94, 25.18, 24.7, 24.39, 25.0, 24.91, 23.88, 24.34, 24.02, 24.45, 23.29, 25.67, 25.72, 25.3, 23.92, 24.93, 24.31, 24.3, 24.66, 25.15, 24.81, 24.88, 25.73, 25.6, 25.26, 26.02, 25.98, 24.9, 25.39, 24.44, 25.34, 26.39, 25.22, 24.65, 26.0, 23.98, 24.66, 24.48, 24.73, 25.45, 24.22, 24.06, 25.2, 26.32, 26.1, 25.23, 23.75, 25.35, 25.16, 24.93, 24.4, 25.79, 26.01, 24.44, 25.11, 24.69, 25.32, 25.16, 26.09, 25.84, 25.99, 25.98, 26.24, 24.36, 25.63, 24.32, 25.56, 24.08, 26.03, 26.36, 25.6, 24.91, 27.44, 26.07, 24.03, 24.58, 27.14, 26.97, 25.84, 25.88, 22.99, 25.15, 24.09, 24.24, 24.33, 23.73, 25.24, 25.0, 25.6, 24.93, 25.45, 24.81, 25.47, 24.01, 24.46, 25.13, 25.21, 24.7, 24.51, 23.61, 24.55, 24.01, 25.31, 23.94, 24.06, 25.21, 24.67, 25.86, 25.04, 25.94, 26.2, 24.61, 24.59, 24.82, 25.2, 26.86, 27.5, 24.69, 25.49, 24.81, 24.4, 26.0, 25.91, 25.66, 24.29],