{"timesteps": [2048.0, 4096.0, 6144.0, 8192.0, 10240.0, 12288.0, 14336.0, 16384.0, 18432.0, 20480.0, 22528.0, 24576.0, 26624.0, 28672.0, 30720.0, 32768.0, 34816.0, 36864.0, 38912.0, 40960.0, 43008.0, 45056.0, 47104.0, 49152.0, 51200.0, 53248.0, 55296.0, 57344.0, 59392.0, 61440.0, 63488.0, 65536.0, 67584.0, 69632.0, 71680.0, 73728.0, 75776.0, 77824.0, 79872.0, 81920.0, 83968.0, 86016.0, 88064.0, 90112.0, 92160.0, 94208.0, 96256.0, 98304.0, 100352.0, 102400.0, 104448.0, 106496.0, 108544.0, 110592.0, 112640.0, 114688.0, 116736.0, 118784.0, 120832.0, 122880.0, 124928.0, 126976.0, 129024.0, 131072.0, 133120.0, 135168.0, 137216.0, 139264.0, 141312.0, 143360.0, 145408.0, 147456.0, 149504.0, 151552.0, 153600.0, 155648.0, 157696.0, 159744.0, 161792.0, 163840.0, 165888.0, 167936.0, 169984.0, 172032.0, 174080.0, 176128.0, 178176.0, 180224.0, 182272.0, 184320.0, 186368.0, 188416.0, 190464.0, 192512.0, 194560.0, 196608.0, 198656.0, 200704.0, 202752.0, 204800.0, 206848.0, 208896.0, 210944.0, 212992.0, 215040.0, 217088.0, 219136.0, 221184.0, 223232.0, 225280.0, 227328.0, 229376.0, 231424.0, 233472.0, 235520.0, 237568.0, 239616.0, 241664.0, 243712.0, 245760.0, 247808.0, 249856.0, 251904.0, 253952.0, 256000.0, 258048.0, 260096.0, 262144.0, 264192.0, 266240.0, 268288.0, 270336.0, 272384.0, 274432.0, 276480.0, 278528.0, 280576.0, 282624.0, 284672.0, 286720.0, 288768.0, 290816.0, 292864.0, 294912.0, 296960.0, 299008.0, 301056.0, 303104.0, 305152.0, 307200.0, 309248.0, 311296.0, 313344.0, 315392.0, 317440.0, 319488.0, 321536.0, 323584.0, 325632.0, 327680.0, 329728.0, 331776.0, 333824.0, 335872.0, 337920.0, 339968.0, 342016.0, 344064.0, 346112.0, 348160.0], "episode_rewards": [-57.59999999999997, -57.29499999999997, -56.63999999999997, -56.34999999999997, -56.369999999999976, -56.339999999999975, -56.10999999999997, -56.174999999999976, -55.84499999999997, -55.98499999999997, -55.744999999999976, -56.15499999999997, -56.24999999999997, -55.52999999999997, -55.62499999999997, -55.949999999999974, -55.20999999999997, -54.77999999999997, -55.13499999999997, -54.504999999999974, -54.629999999999974, -54.489999999999974, -55.184999999999974, -54.66999999999997, -55.114999999999974, -55.31499999999997, -54.82999999999997, -54.63499999999997, -54.869999999999976, -54.244999999999976, -54.63499999999997, -54.60999999999997, -54.494999999999976, -54.31999999999997, -54.27499999999997, -54.159999999999975, -54.369999999999976, -54.46999999999997, -52.473999999999975, -53.65499999999997, -52.119999999999976, -53.56999999999997, -53.644999999999975, -52.427999999999976, -53.95499999999997, -47.534999999999975, -50.54799999999997, -52.26799999999997, -52.34799999999998, -53.89999999999997, -50.842999999999975, -50.48099999999997, -53.659999999999975, -47.00599999999998, -50.02999999999997, -51.60399999999998, -47.09199999999998, -48.720999999999975, -50.45599999999997, -50.25399999999998, -51.92899999999998, -48.933999999999976, -50.61899999999998, -50.19499999999997, -45.38699999999998, -49.94299999999998, -53.364999999999974, -50.78199999999998, -51.89699999999997, -49.96699999999998, -51.348999999999975, -50.019999999999975, -50.35299999999997, -53.04499999999997, -46.620999999999974, -50.46599999999998, -48.48399999999998, -48.25399999999998, -46.77899999999997, -44.63799999999998, -45.20999999999998, -37.339, -45.62499999999998, -45.43599999999998, -43.80499999999998, -51.31499999999998, -41.90799999999999, -45.217999999999975, -46.15199999999998, -52.64999999999997, -51.730999999999966, -50.21699999999997, -45.10999999999997, -46.333999999999975, -42.15799999999999, -36.867999999999995, -33.8, -35.449999999999996, -40.346999999999994, -39.971, -36.85999999999999, -38.55099999999999, -30.281999999999996, -39.85799999999999, -44.72299999999998, -44.66699999999997, -40.282, -36.26299999999999, -47.90699999999997, -39.90099999999999, -41.306, -41.52699999999999, -44.79199999999997, -48.13599999999997, -47.58799999999997, -38.218999999999994, -43.940999999999974, -43.14299999999997, -47.94799999999997, -47.552999999999976, -44.66199999999997, -47.997999999999976, -49.33599999999997, -46.290999999999976, -44.68599999999998, -51.13999999999997, -48.00499999999998, -48.00599999999998, -44.87899999999997, -44.96699999999997, -39.68799999999999, -47.96999999999997, -38.66, -43.220999999999975, -44.70199999999998, -48.52999999999998, -43.59099999999998, -39.746999999999986, -24.633000000000003, -33.599, -42.79099999999998, -30.424999999999997, -25.861, -38.43899999999999, -33.73, -29.998999999999995, -34.751999999999995, -25.307, -36.504999999999995, -30.581999999999997, -32.099999999999994, -32.07699999999999, -28.704, -44.58599999999998, -32.44799999999999, -35.034, -36.172, -33.013999999999996, -37.654999999999994, -36.617999999999995, -33.221, -36.919, -31.637999999999998, -38.178999999999995, -36.520999999999994, -36.876999999999995, -38.03699999999999, -29.933000000000003, -31.175, -31.633999999999997], "episode_lengths": [15.8, 16.5, 16.6, 16.7, 17.2, 16.8, 17.3, 16.8, 18.1, 17.1, 17.6, 17.1, 17.5, 18.3, 17.4, 17.4, 18.6, 18.8, 17.5, 18.5, 19.1, 19.3, 19.3, 19.9, 18.7, 18.6, 18.7, 19.9, 19.9, 19.2, 20.3, 20.2, 20.5, 20.4, 22.1, 20.1, 21.3, 20.1, 21.19, 22.3, 22.3, 20.7, 21.8, 21.58, 21.5, 22.45, 22.13, 22.18, 21.78, 22.0, 23.28, 21.81, 21.6, 23.96, 22.8, 22.59, 22.42, 22.41, 22.31, 22.99, 21.59, 22.74, 22.74, 23.6, 24.07, 22.83, 23.1, 21.07, 22.97, 23.67, 24.54, 23.35, 22.73, 23.0, 24.06, 22.21, 23.09, 22.94, 21.79, 23.83, 23.05, 22.64, 21.4, 21.66, 21.9, 22.0, 22.93, 22.98, 24.07, 23.6, 22.96, 22.77, 22.75, 23.54, 22.48, 23.73, 24.5, 22.45, 23.97, 24.36, 22.3, 23.16, 24.22, 23.13, 23.38, 23.17, 21.87, 23.28, 23.37, 24.76, 24.11, 23.17, 23.17, 22.36, 23.78, 24.54, 25.66, 23.73, 23.23, 24.18, 23.77, 23.18, 21.76, 22.76, 22.91, 22.65, 22.55, 22.51, 23.14, 23.27, 24.18, 22.4, 22.95, 23.66, 22.82, 22.1, 21.56, 23.32, 21.68, 23.79, 24.71, 24.45, 23.51, 22.49, 23.5, 23.94, 24.12, 25.17, 23.35, 24.22, 22.65, 22.62, 24.29, 22.21, 22.28, 23.69, 23.27, 24.34, 23.7, 24.28, 22.91, 21.24, 23.68, 23.24, 23.71, 23.52, 22.72, 23.18, 23.65, 23.09], "fuel_collected": [0.18, 0.25, 0.26, 0.27, 0.32, 0.28, 0.33, 0.28, 0.41, 0.31, 0.36, 0.31, 0.35, 0.43, 0.34, 0.34, 0.46, 0.48, 0.35, 0.45, 0.51, 0.53, 0.53, 0.59, 0.47, 0.46, 0.47, 0.59, 0.59, 0.52, 0.63, 0.62, 0.65, 0.64, 0.81, 0.61, 0.73, 0.61, 0.73, 0.83, 0.83, 0.67, 0.78, 0.76, 0.75, 0.86, 0.82, 0.82, 0.78, 0.8, 0.94, 0.79, 0.76, 1.02, 0.9, 0.86, 0.86, 0.87, 0.85, 0.92, 0.76, 0.88, 0.88, 0.97, 1.04, 0.89, 0.91, 0.72, 0.9, 0.98, 1.06, 0.94, 0.89, 0.9, 1.02, 0.83, 0.93, 0.92, 0.82, 1.03, 0.94, 0.91, 0.77, 0.81, 0.83, 0.81, 0.93, 0.91, 1.03, 0.96, 0.9, 0.9, 0.89, 0.99, 0.89, 1.05, 1.15, 0.93, 1.03, 1.07, 0.89, 0.96, 1.11, 0.98, 0.97, 0.95, 0.83, 0.98, 0.95, 1.13, 1.07, 0.95, 0.95, 0.85, 1.0, 1.11, 1.19, 0.99, 0.94, 1.03, 1.01, 0.94, 0.79, 0.91, 0.92, 0.87, 0.87, 0.87, 0.95, 0.98, 1.07, 0.87, 0.95, 1.01, 0.92, 0.83, 0.8, 0.98, 0.87, 1.07, 1.11, 1.13, 1.07, 0.9, 1.04, 1.11, 1.08, 1.25, 1.02, 1.12, 0.94, 0.96, 1.12, 0.86, 0.92, 1.05, 1.03, 1.14, 1.06, 1.08, 0.98, 0.77, 1.06, 0.98, 1.05, 1.02, 0.96, 1.01, 1.06, 0.99],